Workbook

Sheet Attendance sheet
A1: Month | B1: Year | C1: ="Fully Automatic Attendance Sheet -"&A2&""&B2&"" -> Fully Automatic Attendance Sheet -june2026 | AH1: DataMatix
A2: june | B2: 2026
A3: =DATEVALUE("1"&A2&B2) -> 46174 | B3: =EOMONTH(A3,0) -> 46203
A4: emp_Id | B4: emp_Name | C4: =A3 -> 46174 | D4: =IF(C4<$B$3,C4+1,"") -> 46175 | E4: =IF(D4<$B$3,D4+1,"") -> 46176 | F4: =IF(E4<$B$3,E4+1,"") -> 46177 | G4: =IF(F4<$B$3,F4+1,"") -> 46178 | H4: =IF(G4<$B$3,G4+1,"") -> 46179 | I4: =IF(H4<$B$3,H4+1,"") -> 46180 | J4: =IF(I4<$B$3,I4+1,"") -> 46181 | K4: =IF(J4<$B$3,J4+1,"") -> 46182 | ... AG4: =IF(AF4<$B$3,AF4+1,"") | AH4: Total Days | AI4: Present | AJ4: Holidays | AK4: Week Off | AL4: Absent
C5: =TEXT(C4,"ddd") -> Mon | D5: =TEXT(D4,"ddd") -> Tue | E5: =TEXT(E4,"ddd") -> Wed | F5: =TEXT(F4,"ddd") -> Thu | G5: =TEXT(G4,"ddd") -> Fri | H5: =TEXT(H4,"ddd") -> Sat | I5: =TEXT(I4,"ddd") -> Sun | J5: =TEXT(J4,"ddd") -> Mon | ... AG5: =TEXT(AG4,"ddd")
A7: emp0001 | B7: Vedika Dhulam | C7: p | D7: p | E7: p | G7: p | H7: p | J7: p | K7: p | L7: p | N7: a | O7: p | Q7: p | R7: p | S7: p | U7: p | V7: p | X7: p | Y7: p | Z7: a | AB7: p | AC7: p | AE7: p | AF7: p | AH7: =COUNT(C$4:AG$4) -> 30 | AI7: =COUNTIF($C7:$AG7,"P") -> 20 | AJ7: =COUNTIF($C7:$AG7,"H") -> 0 | AK7: =COUNTIF(C$5:AG$6,"Sun") -> 4 | AL7: =COUNTIF($C7:$AG7,"A") -> 2
A8: emp0002 | B8: Shraddha Dhulam | C8: a | D8: p | E8: p | G8: p | H8: p | J8: p | K8: p | L8: p | N8: p | O8: p | Q8: p | R8: p | S8: p | U8: p | V8: p | X8: a | Y8: p | Z8: a | AB8: p | AC8: p | AE8: p | AF8: p | AH8: =COUNT(C$4:AG$4) -> 30 | AI8: =COUNTIF($C8:$AG8,"P") -> 19 | AJ8: =COUNTIF($C8:$AG8,"H") -> 0 | AK8: =COUNTIF(C$5:AG$6,"Sun") -> 4 | AL8: =COUNTIF($C8:$AG8,"A") -> 3
A9: emp0003 | B9: Esha Waghmode | C9: p | D9: p | E9: p | G9: a | H9: p | J9: p | K9: p | L9: p | N9: p | O9: p | Q9: p | R9: p | S9: p | U9: p | V9: p | X9: p | Y9: p | Z9: p | AB9: p | AC9: p | AE9: p | AF9: p | AH9: =COUNT(C$4:AG$4) -> 30 | AI9: =COUNTIF($C9:$AG9,"P") -> 21 | AJ9: =COUNTIF($C9:$AG9,"H") -> 0 | AK9: =COUNTIF(C$5:AG$6,"Sun") -> 4 | AL9: =COUNTIF($C9:$AG9,"A") -> 1
A10: emp0004 | B10: Sandeep Wanga | C10: a | D10: p | E10: p | G10: p | H10: p | J10: p | K10: p | L10: p | N10: p | O10: p | Q10: p | R10: p | S10: p | U10: a | V10: p | X10: p | Y10: a | Z10: p | AB10: p | AC10: p | AE10: p | AF10: p | AH10: =COUNT(C$4:AG$4) -> 30 | AI10: =COUNTIF($C10:$AG10,"P") -> 19 | AJ10: =COUNTIF($C10:$AG10,"H") -> 0 | AK10: =COUNTIF(C$5:AG$6,"Sun") -> 4 | AL10: =COUNTIF($C10:$AG10,"A") -> 3
A11: emp0005 | B11: Revti Maise | C11: p | D11: p | E11: p | G11: p | H11: p | J11: p | K11: p | L11: p | N11: p | O11: p | Q11: p | R11: p | S11: p | U11: p | V11: a | X11: p | Y11: p | Z11: p | AB11: a | AC11: p | AE11: p | AF11: p | AH11: =COUNT(C$4:AG$4) -> 30 | AI11: =COUNTIF($C11:$AG11,"P") -> 20 | AJ11: =COUNTIF($C11:$AG11,"H") -> 0 | AK11: =COUNTIF(C$5:AG$6,"Sun") -> 4 | AL11: =COUNTIF($C11:$AG11,"A") -> 2
A12: emp0006 | B12: Deepika Patil | C12: p | D12: p | E12: p | G12: p | H12: p | J12: p | K12: p | L12: a | N12: p | O12: p | Q12: p | R12: p | S12: a | U12: a | V12: p | X12: p | Y12: p | Z12: p | AB12: p | AC12: p | AE12: p | AF12: a | AH12: =COUNT(C$4:AG$4) -> 30 | AI12: =COUNTIF($C12:$AG12,"P") -> 18 | AJ12: =COUNTIF($C12:$AG12,"H") -> 0 | AK12: =COUNTIF(C$5:AG$6,"Sun") -> 4 | AL12: =COUNTIF($C12:$AG12,"A") -> 4
A13: emp0007 | B13: Rani Devkar | C13: a | D13: a | E13: p | G13: p | H13: p | J13: p | K13: p | L13: p | N13: p | O13: p | Q13: p | R13: p | S13: p | U13: p | V13: p | X13: p | Y13: p | Z13: p | AB13: p | AC13: p | AE13: p | AF13: p | AH13: =COUNT(C$4:AG$4) -> 30 | AI13: =COUNTIF($C13:$AG13,"P") -> 20 | AJ13: =COUNTIF($C13:$AG13,"H") -> 0 | AK13: =COUNTIF(C$5:AG$6,"Sun") -> 4 | AL13: =COUNTIF($C13:$AG13,"A") -> 2
A14: emp0008 | B14: Somnat Rathod | C14: p | D14: p | E14: p | G14: p | H14: p | J14: p | K14: p | L14: a | N14: a | O14: p | Q14: p | R14: p | S14: a | U14: p | V14: p | X14: p | Y14: p | Z14: p | AB14: p | AC14: p | AE14: p | AF14: p | AH14: =COUNT(C$4:AG$4) -> 30 | AI14: =COUNTIF($C14:$AG14,"P") -> 19 | AJ14: =COUNTIF($C14:$AG14,"H") -> 0 | AK14: =COUNTIF(C$5:AG$6,"Sun") -> 4 | AL14: =COUNTIF($C14:$AG14,"A") -> 3
A15: emp0009 | B15: Rutuja Basargi | C15: a | D15: p | E15: p | G15: p | H15: p | J15: p | K15: p | L15: p | N15: a | O15: a | Q15: p | R15: p | S15: p | U15: p | V15: p | X15: p | Y15: a | Z15: p | AB15: a | AC15: p | AE15: p | AF15: p | AH15: =COUNT(C$4:AG$4) -> 30 | AI15: =COUNTIF($C15:$AG15,"P") -> 17 | AJ15: =COUNTIF($C15:$AG15,"H") -> 0 | AK15: =COUNTIF(C$5:AG$6,"Sun") -> 4 | AL15: =COUNTIF($C15:$AG15,"A") -> 5
A16: emp0010 | B16: Soham Dhulam | C16: a | D16: a | E16: a | F16: a | G16: a | H16: a | J16: a | K16: a | L16: a | M16: a | N16: a | O16: a | Q16: a | R16: a | S16: a | T16: a | U16: a | V16: a | X16: a | Y16: a | Z16: a | AA16: a | AB16: a | AC16: a | AE16: a | AF16: a | AH16: =COUNT(C$4:AG$4) -> 30 | AI16: =COUNTIF($C16:$AG16,"P") -> 0 | AJ16: =COUNTIF($C16:$AG16,"H") -> 0 | AK16: =COUNTIF(C$5:AG$6,"Sun") -> 4 | AL16: =COUNTIF($C16:$AG16,"A") -> 26
A17: emp0011 | B17: Araya Shitole | C17: p | D17: p | E17: p | G17: p | H17: p | J17: p | K17: p | L17: p | N17: p | O17: p | Q17: p | R17: p | S17: p | U17: p | V17: p | X17: p | Y17: p | Z17: p | AB17: p | AC17: p | AE17: a | AF17: p | AH17: =COUNT(C$4:AG$4) -> 30 | AI17: =COUNTIF($C17:$AG17,"P") -> 21 | AJ17: =COUNTIF($C17:$AG17,"H") -> 0 | AK17: =COUNTIF(C$5:AG$6,"Sun") -> 4 | AL17: =COUNTIF($C17:$AG17,"A") -> 1
A18: emp0012 | B18: Shalva Patil | C18: p | D18: p | E18: p | G18: p | H18: p | J18: p | K18: p | L18: a | N18: p | O18: p | Q18: p | R18: p | S18: p | U18: p | V18: p | X18: p | Y18: p | Z18: p | AB18: p | AC18: a | AE18: p | AF18: p | AH18: =COUNT(C$4:AG$4) -> 30 | AI18: =COUNTIF($C18:$AG18,"P") -> 20 | AJ18: =COUNTIF($C18:$AG18,"H") -> 0 | AK18: =COUNTIF(C$5:AG$6,"Sun") -> 4 | AL18: =COUNTIF($C18:$AG18,"A") -> 2
A19: emp0013 | B19: Vani Kurapathi | C19: p | D19: p | E19: p | G19: p | H19: p | J19: p | K19: p | L19: p | N19: p | O19: p | Q19: p | R19: p | S19: p | U19: p | V19: p | X19: p | Y19: p | Z19: p | AB19: p | AC19: p | AE19: p | AF19: a | AH19: =COUNT(C$4:AG$4) -> 30 | AI19: =COUNTIF($C19:$AG19,"P") -> 21 | AJ19: =COUNTIF($C19:$AG19,"H") -> 0 | AK19: =COUNTIF(C$5:AG$6,"Sun") -> 4 | AL19: =COUNTIF($C19:$AG19,"A") -> 1
A20: emp0014 | B20: Rohan Mane | C20: p | D20: p | E20: p | G20: p | H20: p | J20: p | K20: p | L20: p | N20: p | O20: a | Q20: a | R20: p | S20: p | U20: p | V20: p | X20: p | Y20: p | Z20: p | AB20: p | AC20: p | AE20: a | AF20: p | AH20: =COUNT(C$4:AG$4) -> 30 | AI20: =COUNTIF($C20:$AG20,"P") -> 19 | AJ20: =COUNTIF($C20:$AG20,"H") -> 0 | AK20: =COUNTIF(C$5:AG$6,"Sun") -> 4 | AL20: =COUNTIF($C20:$AG20,"A") -> 3
A21: emp0015 | B21: Kaveri Rebba | C21: p | D21: a | E21: p | G21: p | H21: p | J21: p | K21: p | L21: p | N21: p | O21: p | Q21: a | R21: p | S21: p | U21: p | V21: p | X21: p | Y21: a | Z21: p | AB21: p | AC21: p | AE21: p | AF21: p | AH21: =COUNT(C$4:AG$4) -> 30 | AI21: =COUNTIF($C21:$AG21,"P") -> 19 | AJ21: =COUNTIF($C21:$AG21,"H") -> 0 | AK21: =COUNTIF(C$5:AG$6,"Sun") -> 4 | AL21: =COUNTIF($C21:$AG21,"A") -> 3

Sheet Database
A1: ="Fully Automatic Attendance Sheet -"&'Attendance sheet'!A2&""&'Attendance sheet'!B2&"" -> Fully Automatic Attendance Sheet -june2026 | P1: Aishwarya
A4: Emp_ID | B4: EMP_Name | C4: Designation | D4: Basic Salary | E4: Total Days | F4: Attendance(Working Days) | G4: Per Day Salary | H4: Salary (Based On Attendances) | I4: DA (12%) | J4: City (Metro or Non Metro) | K4: HRA | L4: TA | M4: OT In Hrs | N4: Overtime Pay | O4: Gross Salary | P4: PF (12%) | Q4: ESI 0.75% | R4: Net Salary
A5: emp0001 | B5: ='Attendance sheet'!B7 -> Vedika Dhulam | C5: HR | D5: 30000 | E5: ='Attendance sheet'!AH7 -> 30 | F5: =SUM('Attendance sheet'!AI7:AK7) -> 24 | G5: =D5/E5 -> 1000 | H5: =F5*G5 -> 24000 | I5: =D5*12% -> 3600 | J5: Metro | K5: =IF(J5="Metro",D5*50%,D5*40%) -> 15000 | L5: 1000 | M5: 10 | N5: =G5/9*M5 -> 1111.1111 | O5: =H5+I5+K5+L5+N5 -> 44711.111 | P5: =D5*12% -> 3600 | Q5: =IF(O5<=21000,O5*0.75%,"N/A") -> N/A | R5: =IF(ISNUMBER(Q5),O5-P5-Q5,O5-P5) -> 41111.111
A6: emp0002 | B6: ='Attendance sheet'!B8 -> Shraddha Dhulam | C6: Manager | D6: 25000 | E6: ='Attendance sheet'!AH8 -> 30 | F6: =SUM('Attendance sheet'!AI8:AK8) -> 23 | G6: =D6/E6 -> 833.33333 | H6: =F6*G6 -> 19166.667 | I6: =D6*12% -> 3000 | J6: Non Metro | K6: =IF(J6="Metro",D6*50%,D6*40%) -> 10000 | L6: 2000 | M6: 15 | N6: =G6/9*M6 -> 1388.8889 | O6: =H6+I6+K6+L6+N6 -> 35555.556 | P6: =D6*12% -> 3000 | Q6: =IF(O6<=21000,O6*0.75%,"N/A") -> N/A | R6: =IF(ISNUMBER(Q6),O6-P6-Q6,O6-P6) -> 32555.556
A7: emp0003 | B7: ='Attendance sheet'!B9 -> Esha Waghmode | C7: Manager | D7: 18000 | E7: ='Attendance sheet'!AH9 -> 30 | F7: =SUM('Attendance sheet'!AI9:AK9) -> 25 | G7: =D7/E7 -> 600 | H7: =F7*G7 -> 15000 | I7: =D7*12% -> 2160 | J7: Non Metro | K7: =IF(J7="Metro",D7*50%,D7*40%) -> 7200 | L7: 1000 | M7: 20 | N7: =G7/9*M7 -> 1333.3333 | O7: =H7+I7+K7+L7+N7 -> 26693.333 | P7: =D7*12% -> 2160 | Q7: =IF(O7<=21000,O7*0.75%,"N/A") -> N/A | R7: =IF(ISNUMBER(Q7),O7-P7-Q7,O7-P7) -> 24533.333
A8: emp0004 | B8: ='Attendance sheet'!B10 -> Sandeep Wanga | C8: Manager | D8: 15000 | E8: ='Attendance sheet'!AH10 -> 30 | F8: =SUM('Attendance sheet'!AI10:AK10) -> 23 | G8: =D8/E8 -> 500 | H8: =F8*G8 -> 11500 | I8: =D8*12% -> 1800 | J8: Metro | K8: =IF(J8="Metro",D8*50%,D8*40%) -> 7500 | L8: 3000 | M8: 25 | N8: =G8/9*M8 -> 1388.8889 | O8: =H8+I8+K8+L8+N8 -> 25188.889 | P8: =D8*12% -> 1800 | Q8: =IF(O8<=21000,O8*0.75%,"N/A") -> N/A | R8: =IF(ISNUMBER(Q8),O8-P8-Q8,O8-P8) -> 23388.889
A9: emp0005 | B9: ='Attendance sheet'!B11 -> Revti Maise | C9: Engineer | D9: 15000 | E9: ='Attendance sheet'!AH11 -> 30 | F9: =SUM('Attendance sheet'!AI11:AK11) -> 24 | G9: =D9/E9 -> 500 | H9: =F9*G9 -> 12000 | I9: =D9*12% -> 1800 | J9: Metro | K9: =IF(J9="Metro",D9*50%,D9*40%) -> 7500 | L9: 2000 | M9: 20 | N9: =G9/9*M9 -> 1111.1111 | O9: =H9+I9+K9+L9+N9 -> 24411.111 | P9: =D9*12% -> 1800 | Q9: =IF(O9<=21000,O9*0.75%,"N/A") -> N/A | R9: =IF(ISNUMBER(Q9),O9-P9-Q9,O9-P9) -> 22611.111
A10: emp0006 | B10: ='Attendance sheet'!B12 -> Deepika Patil | C10: Sales | D10: 12000 | E10: ='Attendance sheet'!AH12 -> 30 | F10: =SUM('Attendance sheet'!AI12:AK12) -> 22 | G10: =D10/E10 -> 400 | H10: =F10*G10 -> 8800 | I10: =D10*12% -> 1440 | J10: Metro | K10: =IF(J10="Metro",D10*50%,D10*40%) -> 6000 | L10: 1000 | M10: 12 | N10: =G10/9*M10 -> 533.33333 | O10: =H10+I10+K10+L10+N10 -> 17773.333 | P10: =D10*12% -> 1440 | Q10: =IF(O10<=21000,O10*0.75%,"N/A") -> 133.3 | R10: =IF(ISNUMBER(Q10),O10-P10-Q10,O10-P10) -> 16200.033
A11: emp0007 | B11: ='Attendance sheet'!B13 -> Rani Devkar | C11: Helper | D11: 12000 | E11: ='Attendance sheet'!AH13 -> 30 | F11: =SUM('Attendance sheet'!AI13:AK13) -> 24 | G11: =D11/E11 -> 400 | H11: =F11*G11 -> 9600 | I11: =D11*12% -> 1440 | J11: Non Metro | K11: =IF(J11="Metro",D11*50%,D11*40%) -> 4800 | L11: 3000 | M11: 15 | N11: =G11/9*M11 -> 666.66667 | O11: =H11+I11+K11+L11+N11 -> 19506.667 | P11: =D11*12% -> 1440 | Q11: =IF(O11<=21000,O11*0.75%,"N/A") -> 146.3 | R11: =IF(ISNUMBER(Q11),O11-P11-Q11,O11-P11) -> 17920.367
A12: emp0008 | B12: ='Attendance sheet'!B14 -> Somnat Rathod | C12: Analyst | D12: 12000 | E12: ='Attendance sheet'!AH14 -> 30 | F12: =SUM('Attendance sheet'!AI14:AK14) -> 23 | G12: =D12/E12 -> 400 | H12: =F12*G12 -> 9200 | I12: =D12*12% -> 1440 | J12: Non Metro | K12: =IF(J12="Metro",D12*50%,D12*40%) -> 4800 | L12: 2000 | M12: 25 | N12: =G12/9*M12 -> 1111.1111 | O12: =H12+I12+K12+L12+N12 -> 18551.111 | P12: =D12*12% -> 1440 | Q12: =IF(O12<=21000,O12*0.75%,"N/A") -> 139.13333 | R12: =IF(ISNUMBER(Q12),O12-P12-Q12,O12-P12) -> 16971.978
A13: emp0009 | B13: ='Attendance sheet'!B15 -> Rutuja Basargi | C13: Technical | D13: 12000 | E13: ='Attendance sheet'!AH15 -> 30 | F13: =SUM('Attendance sheet'!AI15:AK15) -> 21 | G13: =D13/E13 -> 400 | H13: =F13*G13 -> 8400 | I13: =D13*12% -> 1440 | J13: Metro | K13: =IF(J13="Metro",D13*50%,D13*40%) -> 6000 | L13: 1000 | M13: 20 | N13: =G13/9*M13 -> 888.88889 | O13: =H13+I13+K13+L13+N13 -> 17728.889 | P13: =D13*12% -> 1440 | Q13: =IF(O13<=21000,O13*0.75%,"N/A") -> 132.96667 | R13: =IF(ISNUMBER(Q13),O13-P13-Q13,O13-P13) -> 16155.922
A14: emp0010 | B14: ='Attendance sheet'!B16 -> Soham Dhulam | C14: HR | D14: 10000 | E14: ='Attendance sheet'!AH16 -> 30 | F14: =SUM('Attendance sheet'!AI16:AK16) -> 4 | G14: =D14/E14 -> 333.33333 | H14: =F14*G14 -> 1333.3333 | I14: =D14*12% -> 1200 | J14: Metro | K14: =IF(J14="Metro",D14*50%,D14*40%) -> 5000 | L14: 1000 | M14: 10 | N14: =G14/9*M14 -> 370.37037 | O14: =H14+I14+K14+L14+N14 -> 8903.7037 | P14: =D14*12% -> 1200 | Q14: =IF(O14<=21000,O14*0.75%,"N/A") -> 66.777778 | R14: =IF(ISNUMBER(Q14),O14-P14-Q14,O14-P14) -> 7636.9259
A15: emp0011 | B15: ='Attendance sheet'!B17 -> Araya Shitole | C15: Engineer | D15: 10000 | E15: ='Attendance sheet'!AH17 -> 30 | F15: =SUM('Attendance sheet'!AI17:AK17) -> 25 | G15: =D15/E15 -> 333.33333 | H15: =F15*G15 -> 8333.3333 | I15: =D15*12% -> 1200 | J15: Metro | K15: =IF(J15="Metro",D15*50%,D15*40%) -> 5000 | L15: 2000 | M15: 22 | N15: =G15/9*M15 -> 814.81481 | O15: =H15+I15+K15+L15+N15 -> 17348.148 | P15: =D15*12% -> 1200 | Q15: =IF(O15<=21000,O15*0.75%,"N/A") -> 130.11111 | R15: =IF(ISNUMBER(Q15),O15-P15-Q15,O15-P15) -> 16018.037
A16: emp0012 | B16: ='Attendance sheet'!B18 -> Shalva Patil | C16: Sales | D16: 10000 | E16: ='Attendance sheet'!AH18 -> 30 | F16: =SUM('Attendance sheet'!AI18:AK18) -> 24 | G16: =D16/E16 -> 333.33333 | H16: =F16*G16 -> 8000 | I16: =D16*12% -> 1200 | J16: Non Metro | K16: =IF(J16="Metro",D16*50%,D16*40%) -> 4000 | L16: 2000 | M16: 23 | N16: =G16/9*M16 -> 851.85185 | O16: =H16+I16+K16+L16+N16 -> 16051.852 | P16: =D16*12% -> 1200 | Q16: =IF(O16<=21000,O16*0.75%,"N/A") -> 120.38889 | R16: =IF(ISNUMBER(Q16),O16-P16-Q16,O16-P16) -> 14731.463
... A19: emp0015 | B19: ='Attendance sheet'!B21 -> Kaveri Rebba | C19: Manager | D19: 18000 | E19: ='Attendance sheet'!AH21 -> 30 | F19: =SUM('Attendance sheet'!AI21:AK21) -> 23 | G19: =D19/E19 -> 600 | H19: =F19*G19 -> 13800 | I19: =D19*12% -> 2160 | J19: Metro | K19: =IF(J19="Metro",D19*50%,D19*40%) -> 9000 | L19: 1000 | M19: 13 | N19: =G19/9*M19 -> 866.66667 | O19: =H19+I19+K19+L19+N19 -> 26826.667 | P19: =D19*12% -> 2160 | Q19: =IF(O19<=21000,O19*0.75%,"N/A") -> N/A | R19: =IF(ISNUMBER(Q19),O19-P19-Q19,O19-P19) -> 24666.667

Sheet months
A1: january
A2: february
A3: march
A4: april
A5: may
A6: june
A7: july
A8: august
A9: september
A10: october
A11: november
A12: december
